{
	"ImportPath": "github.com/Soontao/goHttpDigestClient",
	"GoVersion": "go1.8",
	"GodepVersion": "v79",
	"Deps": [
		{
			"ImportPath": "github.com/davecgh/go-spew/spew",
			"Comment": "v1.1.0",
			"Rev": "346938d642f2ec3594ed81d874461961cd0faa76"
		},
		{
			"ImportPath": "github.com/nu7hatch/gouuid",
			"Rev": "179d4d0c4d8d407a32af483c2354df1d2c91e6c3"
		},
		{
			"ImportPath": "github.com/pmezard/go-difflib/difflib",
			"Comment": "v1.0.0",
			"Rev": "792786c7400a136282c1664665ae0a8db921c6c2"
		},
		{
			"ImportPath": "github.com/stretchr/testify/assert",
			"Comment": "v1.1.4-27-g4d4bfba",
			"Rev": "4d4bfba8f1d1027c4fdbe371823030df51419987"
		}
	]
}
