{
  "name": "xk6-dashboard",
  "image": "mcr.microsoft.com/devcontainers/base:1-bookworm",
  "forwardPorts": [5665],
  "customizations": {
    "vscode": {
      "settings": {
        "go.lintTool": "golangci-lint",
        "go.lintFlags": ["--fast"]
      },
      "extensions": [
        "EditorConfig.EditorConfig",
        "esbenp.prettier-vscode",
        "github.vscode-github-actions",
        "github.vscode-pull-request-github",
        "jetmartin.bats",
        "mads-hartmann.bash-ide-vscode",
        "foxundermoon.shell-format"
      ]
    }
  },

  "features": {
    "ghcr.io/devcontainers/features/github-cli:1": {},
    "ghcr.io/devcontainers/features/go:1": {
      "version": "1.24",
      "golangciLintVersion": "2.1.6"
    },
    "ghcr.io/devcontainers/features/node:1": { "version": "22" },
    "ghcr.io/devcontainers-extra/features/apt-packages:1": {
      "packages": "libimage-exiftool-perl"
    },
    "ghcr.io/guiyomh/features/goreleaser:0": { "version": "2.9.0" },
    "ghcr.io/michidk/devcontainers-features/bun:1": { "version": "1.2.12" },
    "ghcr.io/szkiba/devcontainer-features/gosec:1": { "version": "2.22.4" },
    "ghcr.io/szkiba/devcontainer-features/govulncheck:1": {
      "version": "1.1.4"
    },
    "ghcr.io/szkiba/devcontainer-features/cdo:1": { "version": "0.1.2" },
    "ghcr.io/szkiba/devcontainer-features/mdcode:1": { "version": "0.2.0" },
    "ghcr.io/szkiba/devcontainer-features/bats:1": { "version": "1.11.1" },
    "ghcr.io/grafana/devcontainer-features/xk6:1": { "version": "1.0.0" }
  },

  "remoteEnv": {
    "GH_TOKEN": "${localEnv:GH_TOKEN}",
    "GITHUB_TOKEN": "${localEnv:GITHUB_TOKEN}"
  }
}
