{
  "name": "efa",
  "image": "mcr.microsoft.com/devcontainers/base:1-bookworm",
  "customizations": {
    "vscode": {
      "settings": {
        "go.lintTool": "golangci-lint",
        "go.lintFlags": ["--fast"]
      },
      "extensions": [
        "EditorConfig.EditorConfig",
        "github.vscode-github-actions",
        "github.vscode-pull-request-github"
      ]
    }
  },

  "features": {
    "ghcr.io/devcontainers/features/github-cli:1": {},
    "ghcr.io/devcontainers/features/go:1": {
      "version": "1.23",
      "golangciLintVersion": "2.0.2"
    },
    "ghcr.io/szkiba/devcontainer-features/gosec:1": { "version": "2.22.2" },
    "ghcr.io/szkiba/devcontainer-features/govulncheck:1": { "version": "1.1.4" },
    "ghcr.io/szkiba/devcontainer-features/cdo:1": { "version": "0.1.2" },
    "ghcr.io/szkiba/devcontainer-features/mdcode:1": { "version": "0.2.0" }
  },

  "remoteEnv": {
    "GH_TOKEN": "${localEnv:GH_TOKEN}",
    "GITHUB_TOKEN": "${localEnv:GITHUB_TOKEN}"
  }
}
